param,geodesic_arc_length
Rbv,1.3884608784682249
Cbv,0.17173111731590024
Rdv,0.9899117715496965
Ldv,0.04176086959956931
Cdv,3.0904479841376045
Rav,0.15305113675433457
