Rbv,Cbv,Rdv,Ldv,Cdv,Rav
2.6180665493011475,-0.007568122819066048,-0.05045470595359802,-0.10734488070011139,0.09396882355213165,0.06269142031669617
-0.0457802414894104,2.783379077911377,0.043730031698942184,0.08889821916818619,-0.009431248530745506,0.006798211485147476
-0.07884574681520462,0.04423397034406662,2.691204071044922,-0.14517997205257416,0.017961524426937103,0.024163629859685898
-0.043667614459991455,0.00753166526556015,-0.06680819392204285,0.6268664598464966,0.003903336822986603,-0.13196292519569397
0.031087534502148628,0.0010709762573242188,-0.06341303884983063,-0.0973450243473053,2.7445945739746094,-0.07782181352376938
0.04799734428524971,0.08613529801368713,-0.037073470652103424,-0.11491680145263672,-0.018839536234736443,2.2990915775299072
