Rbv,Cbv,Rdv,Ldv,Cdv,Rav
1.0,-0.0027190414257347584,-0.018748003989458084,-0.17124043405056,0.034237779676914215,0.027267908677458763
-0.01748627796769142,1.0,0.016249243170022964,0.14181365072727203,-0.0034362992737442255,0.0029569119215011597
-0.030116021633148193,0.015892183408141136,1.0,-0.23159633576869965,0.006544326897710562,0.010510076768696308
-0.01667933724820614,0.0027059430722147226,-0.02482464723289013,1.0,0.0014221906894817948,-0.05739785358309746
0.011874234303832054,0.00038477557245641947,-0.023563073948025703,-0.15528829395771027,1.0,-0.03384894132614136
0.018333125859498978,0.03094630502164364,-0.01377579290419817,-0.18331943452358246,-0.0068642329424619675,1.0
