param,geodesic_arc_length
Rbv,30.969147282495445
Cbv,2.9577014738682643
Rdv,5.0870753777077145
Cdv,7.977766975702024
Rav,0.711822835467218
