Rbv,Cbv,Rdv,Cdv,Rav
0.6098510026931763,-0.0009858012199401855,-0.00841212272644043,0.020217180252075195,0.013944149017333984
-0.00891965627670288,0.7453984022140503,0.009629368782043457,-0.004541218280792236,0.000681757926940918
-0.020428955554962158,0.0070029497146606445,0.6601011753082275,0.012633264064788818,0.008779823780059814
0.010555833578109741,0.001524507999420166,-0.014847606420516968,0.7816751003265381,-0.019192755222320557
0.010629743337631226,0.03530880808830261,-0.007100820541381836,0.03464597463607788,0.6627670526504517
