Rbv,Cbv,Rdv,Cdv,Rav
1.0,-0.0013225158909335732,-0.012743687257170677,0.02586391754448414,0.021039290353655815
-0.014625960029661655,1.0,0.014587716199457645,-0.005809598136693239,0.001028653932735324
-0.03349827229976654,0.00939490832388401,1.0,0.016161784529685974,0.013247224502265453
0.017308872193098068,0.002045225817710161,-0.022492924705147743,1.0,-0.028958523645997047
0.01743006706237793,0.04736904054880142,-0.01075716968625784,0.04432272911071777,1.0
