param,abs_pearson_r_with_PC1
Rbv,0.07889221430425625
Cbv,0.24198752895670442
Rdv,0.0059086107547988665
Cdv,0.0101807280843762
Rav,0.044962023614719314
